{
"lengthUnit": "mil",
"components": {
	"fields": ["COMPONENT_NO", "COMPONENT_NAME", "LAYER", "X_COORDINATE", "Y_COORDINATE", "ANGLE"],
	"rows": [
		[1, "D1", "B", 4787.8, -2761.42, 90],
		[2, "D2", "B", 4908.66, -2761.42, 90],
		[3, "D3", "B", 5030.71, -2761.42, 90],
		[4, "D4", "B", 5151.57, -2761.42, 90],
		[5, "D5", "B", 5272.44, -2761.42, 90],
		[6, "D6", "B", 5394.09, -2761.42, 90],
		[7, "D7", "B", 5514.57, -2761.42, 90],
		[8, "D8", "B", 5635.43, -2761.42, 90],
		[9, "D9", "B", 5756.3, -2761.42, 90],
		[10, "D10", "B", 5877.95, -2761.42, 90],
		[11, "D11", "B", 6000.79, -2761.42, 90],
		[12, "D12", "B", 6122.83, -2761.42, 90],
		[13, "D13", "B", 6242.13, -2761.42, 90],
		[14, "D14", "B", 6362.2, -2761.42, 90],
		[15, "D15", "B", 6483.07, -2761.42, 90],
		[16, "D16", "B", 6603.15, -2761.42, 90],
		[17, "D17", "B", 6724.8, -2761.42, 90],
		[18, "D18", "B", 6846.46, -2761.42, 90],
		[19, "D19", "B", 5031.1, -3121.65, 270],
		[20, "D20", "B", 5151.57, -3121.65, 270],
		[21, "D21", "B", 5272.83, -3121.65, 270],
		[22, "D22", "B", 5394.09, -3121.65, 270],
		[23, "D23", "B", 5514.17, -3121.65, 270],
		[24, "D24", "B", 5635.43, -3121.65, 270],
		[25, "D25", "B", 5756.3, -3121.65, 270],
		[26, "D26", "B", 5877.95, -3121.65, 270],
		[27, "D27", "B", 6000, -3121.65, 270],
		[28, "D28", "B", 6122.83, -3121.65, 270],
		[29, "D29", "B", 6242.13, -3121.65, 270],
		[30, "D30", "B", 6362.6, -3121.65, 270],
		[31, "D31", "B", 6482.68, -3121.65, 270],
		[32, "D32", "B", 6603.15, -3121.65, 270],
		[33, "D33", "B", 6724.8, -3121.65, 270],
		[34, "D34", "B", 6846.46, -3121.65, 270],
		[35, "D35", "B", 7303.69, -2999.61, 335],
		[36, "D36", "B", 7591.88, -2999.61, 335],
		[37, "D37", "B", 7889.91, -2999.61, 335],
		[38, "D38", "B", 7303.69, -3129.92, 335],
		[39, "D39", "B", 7591.88, -3129.92, 335],
		[40, "D40", "B", 7889.91, -3129.92, 335]
	]
},
"pins": {
	"fields": ["PIN_NO", "PIN_NAME", "PIN_X", "PIN_Y", "LAYER", "PIN_TYPE", "NET_NAME", "NET_TYPE", "PAD_SHAPE", "PAD_SIZEX", "PAD_SIZEY", "HOLE_SIZE", "PAD_ANGLE"],
	"rows": [
		[1, "D1_1", 4787.8, -2851.97, "B", "SMD", "GND", "GND", "R", 78.74, 98.43, 0, 90],
		[2, "D1_2", 4787.8, -2670.87, "B", "SMD", "NET-(D1-A)", "", "R", 78.74, 98.43, 0, 90],
		[3, "D1_999", 4773.03, -2822.44, "B", "SMD", "D1_", "", "R", 19.69, 27.56, 0, 90],
		[4, "D1_999", 4787.8, -2761.42, "T", "DIP", "D1_A_", "", "C", 82.68, 82.68, 82.68, 90],
		[5, "D1_999", 4787.8, -2761.42, "B", "DIP", "D1_A_", "", "C", 82.68, 82.68, 82.68, 90],
		[6, "D1_999", 4802.56, -2700.39, "B", "SMD", "D1_B_", "", "R", 19.69, 27.56, 0, 90],
		[7, "D2_1", 4908.66, -2851.97, "B", "SMD", "GND", "GND", "R", 78.74, 98.43, 0, 90],
		[8, "D2_2", 4908.66, -2670.87, "B", "SMD", "NET-(D2-A)", "", "R", 78.74, 98.43, 0, 90],
		[9, "D2_999", 4893.9, -2822.44, "B", "SMD", "D2_", "", "R", 19.69, 27.56, 0, 90],
		[10, "D2_999", 4908.66, -2761.42, "T", "DIP", "D2_A_", "", "C", 82.68, 82.68, 82.68, 90],
		[11, "D2_999", 4908.66, -2761.42, "B", "DIP", "D2_A_", "", "C", 82.68, 82.68, 82.68, 90],
		[12, "D2_999", 4923.43, -2700.39, "B", "SMD", "D2_B_", "", "R", 19.69, 27.56, 0, 90],
		[13, "D3_1", 5030.71, -2851.97, "B", "SMD", "GND", "GND", "R", 78.74, 98.43, 0, 90],
		[14, "D3_2", 5030.71, -2670.87, "B", "SMD", "NET-(D3-A)", "", "R", 78.74, 98.43, 0, 90],
		[15, "D3_999", 5015.94, -2822.44, "B", "SMD", "D3_", "", "R", 19.69, 27.56, 0, 90],
		[16, "D3_999", 5030.71, -2761.42, "T", "DIP", "D3_A_", "", "C", 82.68, 82.68, 82.68, 90],
		[17, "D3_999", 5030.71, -2761.42, "B", "DIP", "D3_A_", "", "C", 82.68, 82.68, 82.68, 90],
		[18, "D3_999", 5045.47, -2700.39, "B", "SMD", "D3_B_", "", "R", 19.69, 27.56, 0, 90],
		[19, "D4_1", 5151.57, -2851.97, "B", "SMD", "GND", "GND", "R", 78.74, 98.43, 0, 90],
		[20, "D4_2", 5151.57, -2670.87, "B", "SMD", "NET-(D4-A)", "", "R", 78.74, 98.43, 0, 90],
		[21, "D4_999", 5136.81, -2822.44, "B", "SMD", "D4_", "", "R", 19.69, 27.56, 0, 90],
		[22, "D4_999", 5151.57, -2761.42, "T", "DIP", "D4_A_", "", "C", 82.68, 82.68, 82.68, 90],
		[23, "D4_999", 5151.57, -2761.42, "B", "DIP", "D4_A_", "", "C", 82.68, 82.68, 82.68, 90],
		[24, "D4_999", 5166.34, -2700.39, "B", "SMD", "D4_B_", "", "R", 19.69, 27.56, 0, 90],
		[25, "D5_1", 5272.44, -2851.97, "B", "SMD", "GND", "GND", "R", 78.74, 98.43, 0, 90],
		[26, "D5_2", 5272.44, -2670.87, "B", "SMD", "NET-(D5-A)", "", "R", 78.74, 98.43, 0, 90],
		[27, "D5_999", 5257.68, -2822.44, "B", "SMD", "D5_", "", "R", 19.69, 27.56, 0, 90],
		[28, "D5_999", 5272.44, -2761.42, "T", "DIP", "D5_A_", "", "C", 82.68, 82.68, 82.68, 90],
		[29, "D5_999", 5272.44, -2761.42, "B", "DIP", "D5_A_", "", "C", 82.68, 82.68, 82.68, 90],
		[30, "D5_999", 5287.2, -2700.39, "B", "SMD", "D5_B_", "", "R", 19.69, 27.56, 0, 90],
		[31, "D6_1", 5394.09, -2851.97, "B", "SMD", "GND", "GND", "R", 78.74, 98.43, 0, 90],
		[32, "D6_2", 5394.09, -2670.87, "B", "SMD", "NET-(D6-A)", "", "R", 78.74, 98.43, 0, 90],
		[33, "D6_999", 5379.33, -2822.44, "B", "SMD", "D6_", "", "R", 19.69, 27.56, 0, 90],
		[34, "D6_999", 5394.09, -2761.42, "T", "DIP", "D6_A_", "", "C", 82.68, 82.68, 82.68, 90],
		[35, "D6_999", 5394.09, -2761.42, "B", "DIP", "D6_A_", "", "C", 82.68, 82.68, 82.68, 90],
		[36, "D6_999", 5408.86, -2700.39, "B", "SMD", "D6_B_", "", "R", 19.69, 27.56, 0, 90],
		[37, "D7_1", 5514.57, -2851.97, "B", "SMD", "GND", "GND", "R", 78.74, 98.43, 0, 90],
		[38, "D7_2", 5514.57, -2670.87, "B", "SMD", "NET-(D7-A)", "", "R", 78.74, 98.43, 0, 90],
		[39, "D7_999", 5499.8, -2822.44, "B", "SMD", "D7_", "", "R", 19.69, 27.56, 0, 90],
		[40, "D7_999", 5514.57, -2761.42, "T", "DIP", "D7_A_", "", "C", 82.68, 82.68, 82.68, 90],
		[41, "D7_999", 5514.57, -2761.42, "B", "DIP", "D7_A_", "", "C", 82.68, 82.68, 82.68, 90],
		[42, "D7_999", 5529.33, -2700.39, "B", "SMD", "D7_B_", "", "R", 19.69, 27.56, 0, 90],
		[43, "D8_1", 5635.43, -2851.97, "B", "SMD", "GND", "GND", "R", 78.74, 98.43, 0, 90],
		[44, "D8_2", 5635.43, -2670.87, "B", "SMD", "NET-(D8-A)", "", "R", 78.74, 98.43, 0, 90],
		[45, "D8_999", 5620.67, -2822.44, "B", "SMD", "D8_", "", "R", 19.69, 27.56, 0, 90],
		[46, "D8_999", 5635.43, -2761.42, "T", "DIP", "D8_A_", "", "C", 82.68, 82.68, 82.68, 90],
		[47, "D8_999", 5635.43, -2761.42, "B", "DIP", "D8_A_", "", "C", 82.68, 82.68, 82.68, 90],
		[48, "D8_999", 5650.2, -2700.39, "B", "SMD", "D8_B_", "", "R", 19.69, 27.56, 0, 90],
		[49, "D9_1", 5756.3, -2851.97, "B", "SMD", "GND", "GND", "R", 78.74, 98.43, 0, 90],
		[50, "D9_2", 5756.3, -2670.87, "B", "SMD", "NET-(D9-A)", "", "R", 78.74, 98.43, 0, 90],
		[51, "D9_999", 5741.54, -2822.44, "B", "SMD", "D9_", "", "R", 19.69, 27.56, 0, 90],
		[52, "D9_999", 5756.3, -2761.42, "T", "DIP", "D9_A_", "", "C", 82.68, 82.68, 82.68, 90],
		[53, "D9_999", 5756.3, -2761.42, "B", "DIP", "D9_A_", "", "C", 82.68, 82.68, 82.68, 90],
		[54, "D9_999", 5771.06, -2700.39, "B", "SMD", "D9_B_", "", "R", 19.69, 27.56, 0, 90],
		[55, "D10_1", 5877.95, -2851.97, "B", "SMD", "GND", "GND", "R", 78.74, 98.43, 0, 90],
		[56, "D10_2", 5877.95, -2670.87, "B", "SMD", "NET-(D10-A)", "", "R", 78.74, 98.43, 0, 90],
		[57, "D10_999", 5863.19, -2822.44, "B", "SMD", "D10_", "", "R", 19.69, 27.56, 0, 90],
		[58, "D10_999", 5877.95, -2761.42, "T", "DIP", "D10_A_", "", "C", 82.68, 82.68, 82.68, 90],
		[59, "D10_999", 5877.95, -2761.42, "B", "DIP", "D10_A_", "", "C", 82.68, 82.68, 82.68, 90],
		[60, "D10_999", 5892.72, -2700.39, "B", "SMD", "D10_B_", "", "R", 19.69, 27.56, 0, 90],
		[61, "D11_1", 6000.79, -2851.97, "B", "SMD", "GND", "GND", "R", 78.74, 98.43, 0, 90],
		[62, "D11_2", 6000.79, -2670.87, "B", "SMD", "NET-(D11-A)", "", "R", 78.74, 98.43, 0, 90],
		[63, "D11_999", 5986.02, -2822.44, "B", "SMD", "D11_", "", "R", 19.69, 27.56, 0, 90],
		[64, "D11_999", 6000.79, -2761.42, "T", "DIP", "D11_A_", "", "C", 82.68, 82.68, 82.68, 90],
		[65, "D11_999", 6000.79, -2761.42, "B", "DIP", "D11_A_", "", "C", 82.68, 82.68, 82.68, 90],
		[66, "D11_999", 6015.55, -2700.39, "B", "SMD", "D11_B_", "", "R", 19.69, 27.56, 0, 90],
		[67, "D12_1", 6122.83, -2851.97, "B", "SMD", "GND", "GND", "R", 78.74, 98.43, 0, 90],
		[68, "D12_2", 6122.83, -2670.87, "B", "SMD", "NET-(D12-A)", "", "R", 78.74, 98.43, 0, 90],
		[69, "D12_999", 6108.07, -2822.44, "B", "SMD", "D12_", "", "R", 19.69, 27.56, 0, 90],
		[70, "D12_999", 6122.83, -2761.42, "T", "DIP", "D12_A_", "", "C", 82.68, 82.68, 82.68, 90],
		[71, "D12_999", 6122.83, -2761.42, "B", "DIP", "D12_A_", "", "C", 82.68, 82.68, 82.68, 90],
		[72, "D12_999", 6137.6, -2700.39, "B", "SMD", "D12_B_", "", "R", 19.69, 27.56, 0, 90],
		[73, "D13_1", 6242.13, -2851.97, "B", "SMD", "GND", "GND", "R", 78.74, 98.43, 0, 90],
		[74, "D13_2", 6242.13, -2670.87, "B", "SMD", "NET-(D13-A)", "", "R", 78.74, 98.43, 0, 90],
		[75, "D13_999", 6227.36, -2822.44, "B", "SMD", "D13_", "", "R", 19.69, 27.56, 0, 90],
		[76, "D13_999", 6242.13, -2761.42, "T", "DIP", "D13_A_", "", "C", 82.68, 82.68, 82.68, 90],
		[77, "D13_999", 6242.13, -2761.42, "B", "DIP", "D13_A_", "", "C", 82.68, 82.68, 82.68, 90],
		[78, "D13_999", 6256.89, -2700.39, "B", "SMD", "D13_B_", "", "R", 19.69, 27.56, 0, 90],
		[79, "D14_1", 6362.2, -2851.97, "B", "SMD", "GND", "GND", "R", 78.74, 98.43, 0, 90],
		[80, "D14_2", 6362.2, -2670.87, "B", "SMD", "NET-(D14-A)", "", "R", 78.74, 98.43, 0, 90],
		[81, "D14_999", 6347.44, -2822.44, "B", "SMD", "D14_", "", "R", 19.69, 27.56, 0, 90],
		[82, "D14_999", 6362.2, -2761.42, "T", "DIP", "D14_A_", "", "C", 82.68, 82.68, 82.68, 90],
		[83, "D14_999", 6362.2, -2761.42, "B", "DIP", "D14_A_", "", "C", 82.68, 82.68, 82.68, 90],
		[84, "D14_999", 6376.97, -2700.39, "B", "SMD", "D14_B_", "", "R", 19.69, 27.56, 0, 90],
		[85, "D15_1", 6483.07, -2851.97, "B", "SMD", "GND", "GND", "R", 78.74, 98.43, 0, 90],
		[86, "D15_2", 6483.07, -2670.87, "B", "SMD", "NET-(D15-A)", "", "R", 78.74, 98.43, 0, 90],
		[87, "D15_999", 6468.31, -2822.44, "B", "SMD", "D15_", "", "R", 19.69, 27.56, 0, 90],
		[88, "D15_999", 6483.07, -2761.42, "T", "DIP", "D15_A_", "", "C", 82.68, 82.68, 82.68, 90],
		[89, "D15_999", 6483.07, -2761.42, "B", "DIP", "D15_A_", "", "C", 82.68, 82.68, 82.68, 90],
		[90, "D15_999", 6497.83, -2700.39, "B", "SMD", "D15_B_", "", "R", 19.69, 27.56, 0, 90],
		[91, "D16_1", 6603.15, -2851.97, "B", "SMD", "GND", "GND", "R", 78.74, 98.43, 0, 90],
		[92, "D16_2", 6603.15, -2670.87, "B", "SMD", "NET-(D16-A)", "", "R", 78.74, 98.43, 0, 90],
		[93, "D16_999", 6588.39, -2822.44, "B", "SMD", "D16_", "", "R", 19.69, 27.56, 0, 90],
		[94, "D16_999", 6603.15, -2761.42, "T", "DIP", "D16_A_", "", "C", 82.68, 82.68, 82.68, 90],
		[95, "D16_999", 6603.15, -2761.42, "B", "DIP", "D16_A_", "", "C", 82.68, 82.68, 82.68, 90],
		[96, "D16_999", 6617.91, -2700.39, "B", "SMD", "D16_B_", "", "R", 19.69, 27.56, 0, 90],
		[97, "D17_1", 6724.8, -2851.97, "B", "SMD", "GND", "GND", "R", 78.74, 98.43, 0, 90],
		[98, "D17_2", 6724.8, -2670.87, "B", "SMD", "NET-(D17-A)", "", "R", 78.74, 98.43, 0, 90],
		[99, "D17_999", 6710.04, -2822.44, "B", "SMD", "D17_", "", "R", 19.69, 27.56, 0, 90],
		[100, "D17_999", 6724.8, -2761.42, "T", "DIP", "D17_A_", "", "C", 82.68, 82.68, 82.68, 90],
		[101, "D17_999", 6724.8, -2761.42, "B", "DIP", "D17_A_", "", "C", 82.68, 82.68, 82.68, 90],
		[102, "D17_999", 6739.57, -2700.39, "B", "SMD", "D17_B_", "", "R", 19.69, 27.56, 0, 90],
		[103, "D18_1", 6846.46, -2851.97, "B", "SMD", "GND", "GND", "R", 78.74, 98.43, 0, 90],
		[104, "D18_2", 6846.46, -2670.87, "B", "SMD", "NET-(D18-A)", "", "R", 78.74, 98.43, 0, 90],
		[105, "D18_999", 6831.69, -2822.44, "B", "SMD", "D18_", "", "R", 19.69, 27.56, 0, 90],
		[106, "D18_999", 6846.46, -2761.42, "T", "DIP", "D18_A_", "", "C", 82.68, 82.68, 82.68, 90],
		[107, "D18_999", 6846.46, -2761.42, "B", "DIP", "D18_A_", "", "C", 82.68, 82.68, 82.68, 90],
		[108, "D18_999", 6861.22, -2700.39, "B", "SMD", "D18_B_", "", "R", 19.69, 27.56, 0, 90],
		[109, "D19_1", 5031.1, -3031.1, "B", "SMD", "GND", "GND", "R", 78.74, 98.43, 0, 270],
		[110, "D19_2", 5031.1, -3212.2, "B", "SMD", "NET-(D19-A)", "", "R", 78.74, 98.43, 0, 270],
		[111, "D19_999", 5045.87, -3060.63, "B", "SMD", "D19_", "", "R", 19.69, 27.56, 0, 270],
		[112, "D19_999", 5031.1, -3121.65, "T", "DIP", "D19_A_", "", "C", 82.68, 82.68, 82.68, 270],
		[113, "D19_999", 5031.1, -3121.65, "B", "DIP", "D19_A_", "", "C", 82.68, 82.68, 82.68, 270],
		[114, "D19_999", 5016.34, -3182.68, "B", "SMD", "D19_B_", "", "R", 19.69, 27.56, 0, 270],
		[115, "D20_1", 5151.57, -3031.1, "B", "SMD", "GND", "GND", "R", 78.74, 98.43, 0, 270],
		[116, "D20_2", 5151.57, -3212.2, "B", "SMD", "NET-(D20-A)", "", "R", 78.74, 98.43, 0, 270],
		[117, "D20_999", 5166.34, -3060.63, "B", "SMD", "D20_", "", "R", 19.69, 27.56, 0, 270],
		[118, "D20_999", 5151.57, -3121.65, "T", "DIP", "D20_A_", "", "C", 82.68, 82.68, 82.68, 270],
		[119, "D20_999", 5151.57, -3121.65, "B", "DIP", "D20_A_", "", "C", 82.68, 82.68, 82.68, 270],
		[120, "D20_999", 5136.81, -3182.68, "B", "SMD", "D20_B_", "", "R", 19.69, 27.56, 0, 270],
		[121, "D21_1", 5272.83, -3031.1, "B", "SMD", "GND", "GND", "R", 78.74, 98.43, 0, 270],
		[122, "D21_2", 5272.83, -3212.2, "B", "SMD", "NET-(D21-A)", "", "R", 78.74, 98.43, 0, 270],
		[123, "D21_999", 5287.6, -3060.63, "B", "SMD", "D21_", "", "R", 19.69, 27.56, 0, 270],
		[124, "D21_999", 5272.83, -3121.65, "T", "DIP", "D21_A_", "", "C", 82.68, 82.68, 82.68, 270],
		[125, "D21_999", 5272.83, -3121.65, "B", "DIP", "D21_A_", "", "C", 82.68, 82.68, 82.68, 270],
		[126, "D21_999", 5258.07, -3182.68, "B", "SMD", "D21_B_", "", "R", 19.69, 27.56, 0, 270],
		[127, "D22_1", 5394.09, -3031.1, "B", "SMD", "GND", "GND", "R", 78.74, 98.43, 0, 270],
		[128, "D22_2", 5394.09, -3212.2, "B", "SMD", "NET-(D22-A)", "", "R", 78.74, 98.43, 0, 270],
		[129, "D22_999", 5408.86, -3060.63, "B", "SMD", "D22_", "", "R", 19.69, 27.56, 0, 270],
		[130, "D22_999", 5394.09, -3121.65, "T", "DIP", "D22_A_", "", "C", 82.68, 82.68, 82.68, 270],
		[131, "D22_999", 5394.09, -3121.65, "B", "DIP", "D22_A_", "", "C", 82.68, 82.68, 82.68, 270],
		[132, "D22_999", 5379.33, -3182.68, "B", "SMD", "D22_B_", "", "R", 19.69, 27.56, 0, 270],
		[133, "D23_1", 5514.17, -3031.1, "B", "SMD", "GND", "GND", "R", 78.74, 98.43, 0, 270],
		[134, "D23_2", 5514.17, -3212.2, "B", "SMD", "NET-(D23-A)", "", "R", 78.74, 98.43, 0, 270],
		[135, "D23_999", 5528.94, -3060.63, "B", "SMD", "D23_", "", "R", 19.69, 27.56, 0, 270],
		[136, "D23_999", 5514.17, -3121.65, "T", "DIP", "D23_A_", "", "C", 82.68, 82.68, 82.68, 270],
		[137, "D23_999", 5514.17, -3121.65, "B", "DIP", "D23_A_", "", "C", 82.68, 82.68, 82.68, 270],
		[138, "D23_999", 5499.41, -3182.68, "B", "SMD", "D23_B_", "", "R", 19.69, 27.56, 0, 270],
		[139, "D24_1", 5635.43, -3031.1, "B", "SMD", "GND", "GND", "R", 78.74, 98.43, 0, 270],
		[140, "D24_2", 5635.43, -3212.2, "B", "SMD", "NET-(D24-A)", "", "R", 78.74, 98.43, 0, 270],
		[141, "D24_999", 5650.2, -3060.63, "B", "SMD", "D24_", "", "R", 19.69, 27.56, 0, 270],
		[142, "D24_999", 5635.43, -3121.65, "T", "DIP", "D24_A_", "", "C", 82.68, 82.68, 82.68, 270],
		[143, "D24_999", 5635.43, -3121.65, "B", "DIP", "D24_A_", "", "C", 82.68, 82.68, 82.68, 270],
		[144, "D24_999", 5620.67, -3182.68, "B", "SMD", "D24_B_", "", "R", 19.69, 27.56, 0, 270],
		[145, "D25_1", 5756.3, -3031.1, "B", "SMD", "GND", "GND", "R", 78.74, 98.43, 0, 270],
		[146, "D25_2", 5756.3, -3212.2, "B", "SMD", "NET-(D25-A)", "", "R", 78.74, 98.43, 0, 270],
		[147, "D25_999", 5771.06, -3060.63, "B", "SMD", "D25_", "", "R", 19.69, 27.56, 0, 270],
		[148, "D25_999", 5756.3, -3121.65, "T", "DIP", "D25_A_", "", "C", 82.68, 82.68, 82.68, 270],
		[149, "D25_999", 5756.3, -3121.65, "B", "DIP", "D25_A_", "", "C", 82.68, 82.68, 82.68, 270],
		[150, "D25_999", 5741.54, -3182.68, "B", "SMD", "D25_B_", "", "R", 19.69, 27.56, 0, 270],
		[151, "D26_1", 5877.95, -3031.1, "B", "SMD", "GND", "GND", "R", 78.74, 98.43, 0, 270],
		[152, "D26_2", 5877.95, -3212.2, "B", "SMD", "NET-(D26-A)", "", "R", 78.74, 98.43, 0, 270],
		[153, "D26_999", 5892.72, -3060.63, "B", "SMD", "D26_", "", "R", 19.69, 27.56, 0, 270],
		[154, "D26_999", 5877.95, -3121.65, "T", "DIP", "D26_A_", "", "C", 82.68, 82.68, 82.68, 270],
		[155, "D26_999", 5877.95, -3121.65, "B", "DIP", "D26_A_", "", "C", 82.68, 82.68, 82.68, 270],
		[156, "D26_999", 5863.19, -3182.68, "B", "SMD", "D26_B_", "", "R", 19.69, 27.56, 0, 270],
		[157, "D27_1", 6000, -3031.1, "B", "SMD", "GND", "GND", "R", 78.74, 98.43, 0, 270],
		[158, "D27_2", 6000, -3212.2, "B", "SMD", "NET-(D27-A)", "", "R", 78.74, 98.43, 0, 270],
		[159, "D27_999", 6014.76, -3060.63, "B", "SMD", "D27_", "", "R", 19.69, 27.56, 0, 270],
		[160, "D27_999", 6000, -3121.65, "T", "DIP", "D27_A_", "", "C", 82.68, 82.68, 82.68, 270],
		[161, "D27_999", 6000, -3121.65, "B", "DIP", "D27_A_", "", "C", 82.68, 82.68, 82.68, 270],
		[162, "D27_999", 5985.24, -3182.68, "B", "SMD", "D27_B_", "", "R", 19.69, 27.56, 0, 270],
		[163, "D28_1", 6122.83, -3031.1, "B", "SMD", "GND", "GND", "R", 78.74, 98.43, 0, 270],
		[164, "D28_2", 6122.83, -3212.2, "B", "SMD", "NET-(D28-A)", "", "R", 78.74, 98.43, 0, 270],
		[165, "D28_999", 6137.6, -3060.63, "B", "SMD", "D28_", "", "R", 19.69, 27.56, 0, 270],
		[166, "D28_999", 6122.83, -3121.65, "T", "DIP", "D28_A_", "", "C", 82.68, 82.68, 82.68, 270],
		[167, "D28_999", 6122.83, -3121.65, "B", "DIP", "D28_A_", "", "C", 82.68, 82.68, 82.68, 270],
		[168, "D28_999", 6108.07, -3182.68, "B", "SMD", "D28_B_", "", "R", 19.69, 27.56, 0, 270],
		[169, "D29_1", 6242.13, -3031.1, "B", "SMD", "GND", "GND", "R", 78.74, 98.43, 0, 270],
		[170, "D29_2", 6242.13, -3212.2, "B", "SMD", "NET-(D29-A)", "", "R", 78.74, 98.43, 0, 270],
		[171, "D29_999", 6256.89, -3060.63, "B", "SMD", "D29_", "", "R", 19.69, 27.56, 0, 270],
		[172, "D29_999", 6242.13, -3121.65, "T", "DIP", "D29_A_", "", "C", 82.68, 82.68, 82.68, 270],
		[173, "D29_999", 6242.13, -3121.65, "B", "DIP", "D29_A_", "", "C", 82.68, 82.68, 82.68, 270],
		[174, "D29_999", 6227.36, -3182.68, "B", "SMD", "D29_B_", "", "R", 19.69, 27.56, 0, 270],
		[175, "D30_1", 6362.6, -3031.1, "B", "SMD", "GND", "GND", "R", 78.74, 98.43, 0, 270],
		[176, "D30_2", 6362.6, -3212.2, "B", "SMD", "NET-(D30-A)", "", "R", 78.74, 98.43, 0, 270],
		[177, "D30_999", 6377.36, -3060.63, "B", "SMD", "D30_", "", "R", 19.69, 27.56, 0, 270],
		[178, "D30_999", 6362.6, -3121.65, "T", "DIP", "D30_A_", "", "C", 82.68, 82.68, 82.68, 270],
		[179, "D30_999", 6362.6, -3121.65, "B", "DIP", "D30_A_", "", "C", 82.68, 82.68, 82.68, 270],
		[180, "D30_999", 6347.83, -3182.68, "B", "SMD", "D30_B_", "", "R", 19.69, 27.56, 0, 270],
		[181, "D31_1", 6482.68, -3031.1, "B", "SMD", "GND", "GND", "R", 78.74, 98.43, 0, 270],
		[182, "D31_2", 6482.68, -3212.2, "B", "SMD", "NET-(D31-A)", "", "R", 78.74, 98.43, 0, 270],
		[183, "D31_999", 6497.44, -3060.63, "B", "SMD", "D31_", "", "R", 19.69, 27.56, 0, 270],
		[184, "D31_999", 6482.68, -3121.65, "T", "DIP", "D31_A_", "", "C", 82.68, 82.68, 82.68, 270],
		[185, "D31_999", 6482.68, -3121.65, "B", "DIP", "D31_A_", "", "C", 82.68, 82.68, 82.68, 270],
		[186, "D31_999", 6467.91, -3182.68, "B", "SMD", "D31_B_", "", "R", 19.69, 27.56, 0, 270],
		[187, "D32_1", 6603.15, -3031.1, "B", "SMD", "GND", "GND", "R", 78.74, 98.43, 0, 270],
		[188, "D32_2", 6603.15, -3212.2, "B", "SMD", "NET-(D32-A)", "", "R", 78.74, 98.43, 0, 270],
		[189, "D32_999", 6617.91, -3060.63, "B", "SMD", "D32_", "", "R", 19.69, 27.56, 0, 270],
		[190, "D32_999", 6603.15, -3121.65, "T", "DIP", "D32_A_", "", "C", 82.68, 82.68, 82.68, 270],
		[191, "D32_999", 6603.15, -3121.65, "B", "DIP", "D32_A_", "", "C", 82.68, 82.68, 82.68, 270],
		[192, "D32_999", 6588.39, -3182.68, "B", "SMD", "D32_B_", "", "R", 19.69, 27.56, 0, 270],
		[193, "D33_1", 6724.8, -3031.1, "B", "SMD", "GND", "GND", "R", 78.74, 98.43, 0, 270],
		[194, "D33_2", 6724.8, -3212.2, "B", "SMD", "NET-(D33-A)", "", "R", 78.74, 98.43, 0, 270],
		[195, "D33_999", 6739.57, -3060.63, "B", "SMD", "D33_", "", "R", 19.69, 27.56, 0, 270],
		[196, "D33_999", 6724.8, -3121.65, "T", "DIP", "D33_A_", "", "C", 82.68, 82.68, 82.68, 270],
		[197, "D33_999", 6724.8, -3121.65, "B", "DIP", "D33_A_", "", "C", 82.68, 82.68, 82.68, 270],
		[198, "D33_999", 6710.04, -3182.68, "B", "SMD", "D33_B_", "", "R", 19.69, 27.56, 0, 270],
		[199, "D34_1", 6846.46, -3031.1, "B", "SMD", "GND", "GND", "R", 78.74, 98.43, 0, 270],
		[200, "D34_2", 6846.46, -3212.2, "B", "SMD", "NET-(D34-A)", "", "R", 78.74, 98.43, 0, 270],
		[201, "D34_999", 6861.22, -3060.63, "B", "SMD", "D34_", "", "R", 19.69, 27.56, 0, 270],
		[202, "D34_999", 6846.46, -3121.65, "T", "DIP", "D34_A_", "", "C", 82.68, 82.68, 82.68, 270],
		[203, "D34_999", 6846.46, -3121.65, "B", "DIP", "D34_A_", "", "C", 82.68, 82.68, 82.68, 270],
		[204, "D34_999", 6831.69, -3182.68, "B", "SMD", "D34_B_", "", "R", 19.69, 27.56, 0, 270],
		[205, "D35_1", 7221.62, -2961.34, "B", "SMD", "GND", "GND", "R", 78.74, 98.43, 0, 335],
		[206, "D35_2", 7385.76, -3037.87, "B", "SMD", "NET-(D35-A)", "", "R", 78.74, 98.43, 0, 335],
		[207, "D35_999", 7254.62, -2960.44, "B", "SMD", "D35_", "", "R", 19.69, 27.56, 0, 335],
		[208, "D35_999", 7303.69, -2999.61, "T", "DIP", "D35_A_", "", "C", 82.68, 82.68, 82.68, 335],
		[209, "D35_999", 7303.69, -2999.61, "B", "DIP", "D35_A_", "", "C", 82.68, 82.68, 82.68, 335],
		[210, "D35_999", 7352.76, -3038.78, "B", "SMD", "D35_B_", "", "R", 19.69, 27.56, 0, 335],
		[211, "D36_1", 7509.81, -2961.34, "B", "SMD", "GND", "GND", "R", 78.74, 98.43, 0, 335],
		[212, "D36_2", 7673.95, -3037.87, "B", "SMD", "NET-(D36-A)", "", "R", 78.74, 98.43, 0, 335],
		[213, "D36_999", 7542.81, -2960.44, "B", "SMD", "D36_", "", "R", 19.69, 27.56, 0, 335],
		[214, "D36_999", 7591.88, -2999.61, "T", "DIP", "D36_A_", "", "C", 82.68, 82.68, 82.68, 335],
		[215, "D36_999", 7591.88, -2999.61, "B", "DIP", "D36_A_", "", "C", 82.68, 82.68, 82.68, 335],
		[216, "D36_999", 7640.94, -3038.78, "B", "SMD", "D36_B_", "", "R", 19.69, 27.56, 0, 335],
		[217, "D37_1", 7807.84, -2961.34, "B", "SMD", "GND", "GND", "R", 78.74, 98.43, 0, 335],
		[218, "D37_2", 7971.98, -3037.87, "B", "SMD", "NET-(D37-A)", "", "R", 78.74, 98.43, 0, 335],
		[219, "D37_999", 7840.84, -2960.44, "B", "SMD", "D37_", "", "R", 19.69, 27.56, 0, 335],
		[220, "D37_999", 7889.91, -2999.61, "T", "DIP", "D37_A_", "", "C", 82.68, 82.68, 82.68, 335],
		[221, "D37_999", 7889.91, -2999.61, "B", "DIP", "D37_A_", "", "C", 82.68, 82.68, 82.68, 335],
		[222, "D37_999", 7938.98, -3038.78, "B", "SMD", "D37_B_", "", "R", 19.69, 27.56, 0, 335],
		[223, "D38_1", 7221.62, -3091.65, "B", "SMD", "GND", "GND", "R", 78.74, 98.43, 0, 335],
		[224, "D38_2", 7385.76, -3168.19, "B", "SMD", "NET-(D38-A)", "", "R", 78.74, 98.43, 0, 335],
		[225, "D38_999", 7254.62, -3090.75, "B", "SMD", "D38_", "", "R", 19.69, 27.56, 0, 335],
		[226, "D38_999", 7303.69, -3129.92, "T", "DIP", "D38_A_", "", "C", 82.68, 82.68, 82.68, 335],
		[227, "D38_999", 7303.69, -3129.92, "B", "DIP", "D38_A_", "", "C", 82.68, 82.68, 82.68, 335],
		[228, "D38_999", 7352.76, -3169.09, "B", "SMD", "D38_B_", "", "R", 19.69, 27.56, 0, 335],
		[229, "D39_1", 7509.81, -3091.65, "B", "SMD", "GND", "GND", "R", 78.74, 98.43, 0, 335],
		[230, "D39_2", 7673.95, -3168.19, "B", "SMD", "NET-(D39-A)", "", "R", 78.74, 98.43, 0, 335],
		[231, "D39_999", 7542.81, -3090.75, "B", "SMD", "D39_", "", "R", 19.69, 27.56, 0, 335],
		[232, "D39_999", 7591.88, -3129.92, "T", "DIP", "D39_A_", "", "C", 82.68, 82.68, 82.68, 335],
		[233, "D39_999", 7591.88, -3129.92, "B", "DIP", "D39_A_", "", "C", 82.68, 82.68, 82.68, 335],
		[234, "D39_999", 7640.94, -3169.09, "B", "SMD", "D39_B_", "", "R", 19.69, 27.56, 0, 335],
		[235, "D40_1", 7807.84, -3091.65, "B", "SMD", "GND", "GND", "R", 78.74, 98.43, 0, 335],
		[236, "D40_2", 7971.98, -3168.19, "B", "SMD", "NET-(D40-A)", "", "R", 78.74, 98.43, 0, 335],
		[237, "D40_999", 7840.84, -3090.75, "B", "SMD", "D40_", "", "R", 19.69, 27.56, 0, 335],
		[238, "D40_999", 7889.91, -3129.92, "T", "DIP", "D40_A_", "", "C", 82.68, 82.68, 82.68, 335],
		[239, "D40_999", 7889.91, -3129.92, "B", "DIP", "D40_A_", "", "C", 82.68, 82.68, 82.68, 335],
		[240, "D40_999", 7938.98, -3169.09, "B", "SMD", "D40_B_", "", "R", 19.69, 27.56, 0, 335]
	]
}
}